question_file,auto_transcript
张敏踢了王军吗.wav,张 铭 清 的 梦 之 梦
王娟亲了张杰吗.wav,王 全 区 万 长 前往
王磊推了张敏吗.wav,王伟 程 瑞 张 铭 煌
李梅踢了李杰吗.wav,一 枚 指纹 建档
李妍踢了李勇吗.wav,年 是 利用 网
张悦踢了王平吗.wav,张瑞 清 的 梦 之 梦
王杰踢了李丽吗.wav,王 坚持 真理 礼貌
张伟推了李丽吗.wav,赵 薇 陈 德林 的 沂蒙
张静拉了李敏吗.wav,张 振 安 打 但 的 美梦
李娜戳了王敏吗.wav,李娜 创造 光明 能
张悦亲了王平吗.wav,商人 前往 访问 平壤
王杰推了李敏吗.wav,王 坚 称 的 李 劳模
李敏拉了刘敏吗.wav,另一名 拉德 六名 流氓
王伟推了李丽吗.wav,王伟 车间 里 的 阴谋
张悦戳了王平吗.wav,展望 未来 除了 黄 平洋
李敏踢了李军吗.wav,林 明 宪 林 庆 旺
刘芳拉了刘敏吗.wav,刘 双 拉 六名 一样
张磊推了李梅吗.wav,装备 承担 的 美梦
王杰推了李丽吗.wav,王 坚持 真理 明朗
李妍踢了王刚吗.wav,医院 人士 来往 港澳
李妍戳了王刚吗.wav,以 演唱 国歌 网 赶往
张丽拉了张敏吗.wav,张 益 郎 和 庄 明 梦
李娜踢了王涛吗.wav,利 纳 奇 勒 蒙 通往
王杰拉了李丽吗.wav,王 介 安 里 民盟
刘芳拉了李娟吗.wav,刘 双 文化 的 一 拳王
李妍踢了李杰吗.wav,林 燕 卿 但因 前往
刘芳亲了刘敏吗.wav,刘 凤 英 却 没有 明朗
李娟亲了王涛吗.wav,李 全 侨 盟 同盟
张静踢了王刚吗.wav,张 政治 联盟 刚刚
李燕戳了张丽吗.wav,李 彦 说 那 张 宁 王
李娟拉了王丽吗.wav,尼 吉尔 孟 丽 梦
王芳拉了李敏吗.wav,王 双 杀 了 你 明朗
李霞踢了王勇吗.wav,妮 莎 治疗 脑瘤 脑
张艳亲了张涛吗.wav,张万年 说 他 正 涛 黄
王娟亲了张勇吗.wav,王启人 社长 勇猛
张悦亲了李强吗.wav,庄 内 其 能力 强 黄
王丽踢了刘杰吗.wav,王 令一 职 的 刘 建邦
刘芳戳了刘敏吗.wav,刘 双 成 了 六名 梦
张敏拉了李燕吗.wav,赵 宁 拉 蕾 的 眼光
张丽亲了张勇吗.wav,张瑞 玲 一起 了 中俄 中 蒙
张艳踢了张涛吗.wav,庄严 时刻 装潢 王
张悦亲了张伟吗.wav,上个月 起 了 周围 梦
张艳踢了张强吗.wav,张建 清 典 藏 羌 塘
李燕踢了王涛吗.wav,女 议员 时 乐 蒙 逃亡
张艳戳了李娟吗.wav,张 炎 说 这里 前往
王敏拉了李霞吗.wav,王 鸣 喇叭 的 向往
张静踢了王涛吗.wav,张震 强调 蒙 托 梦
王敏亲了王平吗.wav,王玲 情况 我们 培养
李娟亲了李伟吗.wav,李振 清 能力 围绕
李燕亲了王平吗.wav,李 炎 强调 黄 平洋
王勇推了张静吗.wav,王 隆 克 的 章节 能
王静踢了王伟吗.wav,王 金 世 观光 威望
王敏拉了刘敏吗.wav,公民 拉 和 六名 一样
李梅踢了张勇吗.wav,一 枚 取得 张永 郎
王勇推了李静吗.wav,猛 龙 队 李 晴扬
刘芳拉了李梅吗.wav,游 芳 来 因为 以往
王杰推了王静吗.wav,林 望 杰 陈 德 旺 职能
王芳拉了张丽吗.wav,网上 法官 郑 丽 梦
张敏戳了王丽吗.wav,赵明 除 欧盟 的 梦
王娟戳了王丽吗.wav,王 传 出 了 我们 的 梦
张静亲了张勇吗.wav,张健 怡 情 庄泳 梦
李梅拉了张丽吗.wav,以 维 纳 的 郑 丽 梦
李燕踢了王超吗.wav,李 彦 士 的 梦 长廊
张伟推了王静吗.wav,王英 伟 程 王 金刚
张静亲了李伟吗.wav,张 金龙 旗 能力 为 英镑
张艳拉了王敏吗.wav,证 严 南联盟 明朗
